ray1,ray2,ray3,ray4,ray5,kartx,karty,kartz,time,action
-1,6.521043,4.61109,6.489725,4.588912,15.98893,0.2756149,3.105009,0.3733333,ACCELERATE
-1,6.52091,4.611073,6.489857,4.588929,15.98893,0.2756954,3.105008,0.4157762,NONE
